id,title,doi,total_views,total_downloads,total_cites,status,version,size_bytes,created_date,modified_date,published_date,authors,categories,tags,license,defined_type_name,citation,is_embargoed,embargo_date,embargo_type,figshare_url
28560992,The Entropic Force-Field Hypothesis: A Unified Framework for Quantum Gravity,10.6084/m9.figshare.28560992,154,51,0,private,0,229914,2025-03-09T23:14:43Z,2026-03-29T12:13:14Z,2025-03-09T23:30:38Z,John Onimisi Obidi,General relativity and gravitational waves; Foundations of quantum mechanics; Thermodynamics and statistical physics; Mathematical physics not elsewhere classified,"General Relativity Extensions, quantum theory of, Astrophysics - High Energy Astrophysical Phenomena",CC BY 4.0,preprint,"Obidi, John Onimisi (2025). The Entropic Force-Field Hypothesis: A Unified Framework for Quantum Gravity. figshare. Preprint. https://doi.org/10.6084/m9.figshare.28560992",False,,,https://figshare.com/articles/preprint/The_Entropic_Force-Field_Hypothesis_A_Unified_Framework_for_Quantum_Gravity/28560992
28570835,Exploring the Entropic Force-Field Hypothesis_EFFH - New Insights and Investigations,10.6084/m9.figshare.28570835,386,239,0,private,0,215093,2025-03-11T01:35:37Z,2026-03-29T12:14:02Z,2025-03-11T02:00:49Z,John Onimisi Obidi,"Mathematical aspects of general relativity; Mathematical aspects of classical mechanics, quantum mechanics and quantum information theory; General relativity and gravitational waves; Foundations of quantum mechanics; Astroparticle physics and particle cosmology","General Relativity and Quantum Cosmology, General Relativity Extensions, General Relativity Theory, General Relativity deletes Dark Energy, quantum Mechanics Insight, Quantum Gravity; Effective Field Theory; Fractal  Geometry; Experimental Verification, Quantum Field Theory (QFT), String Theory & Extra Dimensions, Loop Quantum Gravity, Relativity and Spacetime, Astrophysics - Earth and Planetary Astrophysics",CC BY 4.0,preprint,"Obidi, John Onimisi (2025). Exploring the Entropic Force-Field Hypothesis_EFFH - New Insights and Investigations. figshare. Preprint. https://doi.org/10.6084/m9.figshare.28570835",False,,,https://figshare.com/articles/preprint/Exploring_the_Entropic_Force-Field_Hypothesis_EFFH_-_New_Insights_and_Investigations/28570835
28580147,Corrections to the Classical Shapiro Time Delay in GeneralRelativity(GR) from the Entropic Force-FieldHypothesis(EFFH),10.6084/m9.figshare.28580147,122,71,0,private,0,347140,2025-03-12T07:42:37Z,2026-03-29T12:15:04Z,2025-03-12T07:54:46Z,John Onimisi Obidi,"Mathematical aspects of general relativity; General relativity and gravitational waves; Quantum optics and quantum optomechanics; Mathematical aspects of quantum and conformal field theory, quantum gravity and string theory; Field theory and string theory; Astroparticle physics and particle cosmology; Particle and high energy physics not elsewhere classified; Particle physics; Thermodynamics and statistical physics; Classical physics not elsewhere classified; Quantum physics not elsewhere classified","General Relativty, Quantum Gravity, Quantum Cosmology, Astrophysics",CC BY 4.0,preprint,"Obidi, John Onimisi (2025). Corrections to the Classical Shapiro Time Delay in GeneralRelativity(GR) from the Entropic Force-FieldHypothesis(EFFH). figshare. Preprint. https://doi.org/10.6084/m9.figshare.28580147",False,,,https://figshare.com/articles/preprint/Corrections_to_the_Classical_Shapiro_Time_Delay_in_GeneralRelativity_GR_from_the_Entropic_Force-FieldHypothesis_EFFH_/28580147
28602719,How the Generalized Entropic Expansion Equation (GEEE) Describes the Deceleration and Acceleration of the Universe in the Absence of Dark Energy,10.6084/m9.figshare.28602719,176,99,0,private,0,440916,2025-03-16T06:51:27Z,2026-03-29T12:17:11Z,2025-03-16T07:54:13Z,John Onimisi Obidi,General relativity and gravitational waves; Classical and physical optics; Classical physics not elsewhere classified; Thermodynamics and statistical physics; Astroparticle physics and particle cosmology; Other physical sciences not elsewhere classified; High energy astrophysics and galactic cosmic rays; Cosmology and extragalactic astronomy; Astronomical sciences not elsewhere classified; Planetary science (excl. solar system and planetary geology),"General Relativity & Quantum Mechanics Unification, cosmology: observations – dark energy – galaxies: clusters: general – X-rays: galaxies: clusters Supporting material: machine-readable tables, Astrophysics Research, Gravity, Friedmann Equation, Dark Matter and Dark Energy in Astrophysics",CC BY 4.0,preprint,"Obidi, John Onimisi (2025). How the Generalized Entropic Expansion Equation (GEEE) Describes the Deceleration and Acceleration of the Universe in the Absence of Dark Energy. figshare. Preprint. https://doi.org/10.6084/m9.figshare.28602719",False,,,https://figshare.com/articles/preprint/How_the_Generalized_Entropic_Expansion_Equation_GEEE_Describes_the_Deceleration_and_Acceleration_of_the_Universe_inthe_Absence_of_Dark_Energy/28602719
28642646,The Theory of Entropicity (ToE): An Entropy-Driven Derivation of Mercury’s Perihelion Precession Beyond Einstein’s Curved Spacetime in General Relativity (GR),10.6084/m9.figshare.28642646,422,139,0,private,0,302642,2025-03-22T03:44:48Z,2026-03-29T12:21:39Z,2025-03-26T02:43:45Z,John Onimisi Obidi,"Classical physics not elsewhere classified; Classical and physical optics; Thermodynamics and statistical physics; Particle physics; Particle and high energy physics not elsewhere classified; Field theory and string theory; Astroparticle physics and particle cosmology; Complex physical systems; Other physical sciences not elsewhere classified; Cosmology and extragalactic astronomy; General relativity and gravitational waves; Mathematical aspects of general relativity; Mathematical physics not elsewhere classified; Mathematical aspects of classical mechanics, quantum mechanics and quantum information theory; Mathematical aspects of quantum and conformal field theory, quantum gravity and string theory","Relativity, Quantum Cosmolgy, General  Relativity, Cosmology, Astrophysics",CC BY 4.0,preprint,"Obidi, John Onimisi (2025). The Theory of Entropicity (ToE): An Entropy-Driven Derivation of Mercury’s Perihelion Precession Beyond Einstein’s Curved Spacetime in General Relativity (GR). figshare. Preprint. https://doi.org/10.6084/m9.figshare.28642646",False,,,https://figshare.com/articles/preprint/The_Theory_of_Entropicity_ToE_An_Entropy-DrivenDerivation_of_Mercury_s_Perihelion_Precession_BeyondEinstein_s_Curved_Spacetime_in_General_Relativity_GR_/28642646
28673645,The Theory of Entropicity (ToE) Validates Einstein’s General Relativity (GR) Prediction for Solar Starlight Deflection via an Entropic Coupling Constant η,10.6084/m9.figshare.28673645,239,100,0,private,0,209614,2025-03-27T00:44:35Z,2026-03-29T12:25:26Z,2025-03-27T01:14:20Z,John Onimisi Obidi,"Mathematical aspects of general relativity; Mathematical aspects of classical mechanics, quantum mechanics and quantum information theory; Classical physics not elsewhere classified; Cosmology and extragalactic astronomy; Other physical sciences not elsewhere classified; General relativity and gravitational waves; Mathematical aspects of quantum and conformal field theory, quantum gravity and string theory; High energy astrophysics and galactic cosmic rays","General Relativity, Cosmology, Albert Einstein, Isaac Newton, Binet Equation, Vis-viva equation, Entropy, Thermodynamics, Entropic gravity, Entropic mass, Entropic curvature, Entropic potential, Entropic function, Entropic coupling, Dynamic entropic coupling",CC BY 4.0,preprint,"Obidi, John Onimisi (2025). The Theory of Entropicity (ToE) Validates Einstein’s General Relativity (GR) Prediction for Solar Starlight Deflection via an Entropic Coupling Constant η. figshare. Preprint. https://doi.org/10.6084/m9.figshare.28673645",False,,,https://figshare.com/articles/preprint/The_Theory_of_Entropicity_ToE_Validates_Einstein_s_GeneralRelativity_GR_Prediction_for_Solar_Starlight_Deflection_viaan_Entropic_Coupling_Constant_/28673645
28689467,Attosecond Constraints on Quantum Entanglement Formation as Empirical Evidence for the Theory of Entropicity (ToE),10.6084/m9.figshare.28689467,287,86,0,private,0,155714,2025-03-29T04:20:21Z,2026-03-29T12:26:42Z,2025-03-29T04:32:12Z,John Onimisi Obidi,"Photonics, optoelectronics and optical communications; Lasers and quantum electronics; Atomic, molecular and optical physics not elsewhere classified; Atomic and molecular physics; Classical and physical optics; Classical physics not elsewhere classified; Electrostatics and electrodynamics; Thermodynamics and statistical physics; Particle physics; Particle and high energy physics not elsewhere classified; Field theory and string theory; Astroparticle physics and particle cosmology; Other physical sciences not elsewhere classified; Complex physical systems; Electronic and magnetic properties of condensed matter; superconductivity; Condensed matter physics not elsewhere classified","Attoseconds, entropy-driven constraints, entropy flow constraints, entropic constraint propagation, entropic evolution, entropic field, entropic synchronization, finite temporal constraints, irreducible finiteness, emergent spacetime, quantum causality, quantum entanglement, quantum information transfer, Theory of Entropicity (ToE)., General Relativty, Particle physics, standard model and beyond, quark flavor physics, entangled interacting, attoseconds, measurements, Quantum entangled states, Quantum Entanglement in Multi-Dimensional Space, quantum entangled photons, quantum entanglement in time, entropic synchronization, finite temporal constraints, quantum causality, quantum information transfer, Theory of Entropicity (ToE)",CC BY 4.0,preprint,"Obidi, John Onimisi (2025). Attosecond Constraints on Quantum Entanglement Formation as Empirical Evidence for the Theory of Entropicity (ToE). figshare. Preprint. https://doi.org/10.6084/m9.figshare.28689467",False,,,https://figshare.com/articles/preprint/Attosecond_Constraints_on_Quantum_Entanglement_Formationas_Empirical_Evidence_for_the_Theory_of_Entropicity_ToE_/28689467
28692563,"Review and Analysis of the Theory of Entropicity (ToE) in Light of the Attosecond Entanglement Formation Experiment: Toward a Unified Entropic Framework for Quantum Measurement, Non-Instantaneous Wave-Function Collapse, and Spacetime Emergence",10.6084/m9.figshare.28692563,370,79,0,private,0,202276,2025-03-30T18:38:28Z,2026-03-29T12:27:16Z,2025-03-30T18:59:56Z,John Onimisi Obidi,"Atomic and molecular physics; Atomic, molecular and optical physics not elsewhere classified; Lasers and quantum electronics; Nonlinear optics and spectroscopy; Photonics, optoelectronics and optical communications; Classical and physical optics; Classical physics not elsewhere classified; Electrostatics and electrodynamics; Condensed matter physics not elsewhere classified; Condensed matter modelling and density functional theory; Nuclear and plasma physics not elsewhere classified; Nuclear physics; Plasma physics; fusion plasmas; electrical discharges; Other physical sciences not elsewhere classified; Complex physical systems; Particle physics; Particle and high energy physics not elsewhere classified; Field theory and string theory; Astroparticle physics and particle cosmology; Quantum technologies; Quantum optics and quantum optomechanics; Quantum information, computation and communication; Foundations of quantum mechanics; Degenerate quantum gases and atom optics; Quantum physics not elsewhere classified; Mesospheric, thermospheric, ionospheric and magnetospheric physics; Synchrotrons and accelerators not elsewhere classified; Synchrotrons; Accelerators; Instruments and techniques","Attosecond entanglement, Attosecond entanglement formation, Attosecond experiment, Attoseconds, Causality, Emergent spacetime, Entanglement formation, Entanglement formation experiment, Entropic causality, Entropic constraint propagation, Entropic evolution, Entropic field, Entropic synchronization, Entropic Time Limit (ETL), Entropy flow constraints, Entropy-driven constraints, Entropy-driven physics, Finite interaction time, Finite temporal constraints, General relativity, Irreducible finiteness, Non-instantaneous entanglement, Quantum causality, Quantum entanglement, Quantum field theory, Quantum information transfer, Quantum measurement, Quantum measurements, Quantum wave-function collapse, Temporal superposition, Theory of Entropicity (ToE), Vuli–Ndlela Inequality, Vuli–Ndlela Integral, Attosecond entanglement, Attosecond entanglement formation, Attosecond experiment, Attoseconds, Causality, Emergent spacetime, Entanglement formation, Entanglement formation experiment, Entropic causality, Entropic constraint propagation, Entropic evolution, Entropic field, Entropic synchronization, Entropic Time Limit (ETL), Entropy flow constraints, Entropy-driven constraints, Entropy-driven physics, Finite interaction time, Finite temporal constraints, General relativity, Irreducible finiteness, Non-instantaneous entanglement, Quantum causality, Quantum entanglement, Quantum field theory, Quantum information transfer, Quantum measurement, Quantum measurements, Quantum wave-function collapse, Temporal superposition, Theory of Entropicity (ToE), Vuli–Ndlela Inequality, Vuli–Ndlela Integral",CC BY 4.0,preprint,"Obidi, John Onimisi (2025). Review and Analysis of the Theory of Entropicity (ToE) in Light of the Attosecond Entanglement Formation Experiment: Toward a Unified Entropic Framework for Quantum Measurement, Non-Instantaneous Wave-Function Collapse, and Spacetime Emergence. figshare. Preprint. https://doi.org/10.6084/m9.figshare.28692563",False,,,https://figshare.com/articles/preprint/Review_and_Analysis_of_the_Theory_of_Entropicity_ToE_in_Lightof_the_Attosecond_Entanglement_Formation_ExperimentToward_a_Unified_Entropic_Framework_for_QuantumMeasurement_Non-Instantaneous_Wave-Function_Collapse_and_Spacetime_Emergence/28692563
28787270,Einstein and Bohr Finally Reconciled on Quantum Theory: The Theory of Entropicity (ToE) as the Unifying Resolution to the Problem of Quantum Measurement and Wave Function Collapse:  A Befitting Contribution to this Year’s Centennial Reflection and Celebration of the Birth of Quantum Mechanics,10.6084/m9.figshare.28787270,317,207,0,private,0,974313,2025-04-14T05:58:50Z,2025-04-14T06:33:28Z,2025-04-14T06:33:27Z,John Onimisi Obidi,"Astronomical sciences not elsewhere classified; Cosmology and extragalactic astronomy; Galactic astronomy; General relativity and gravitational waves; High energy astrophysics and galactic cosmic rays; Atomic and molecular physics; Atomic, molecular and optical physics not elsewhere classified; Lasers and quantum electronics; Classical and physical optics; Classical physics not elsewhere classified; Electrostatics and electrodynamics; Thermodynamics and statistical physics; Particle physics; Particle and high energy physics not elsewhere classified; Field theory and string theory; Astroparticle physics and particle cosmology; Complex physical systems; Other physical sciences not elsewhere classified; Degenerate quantum gases and atom optics; Foundations of quantum mechanics; Quantum information, computation and communication; Quantum physics not elsewhere classified; Quantum technologies","General relativity (Physics), Astrophysics Breakthrough, quantum mechanics methods, quantum gravity and cosmology, unification of physics, Quantum Gravity, Particle physics, standard model and beyond, Albert Einstein, Schrodinger equations, Einstein Field Equations (EFE), Max Born, decoherence times, Entanglement Formation Mechanism, Wave Function Collapse, Wigner's friend paradox, EPR Paradox, ER=EPR, Wormholes, Black holes, Gravity Models, String Theory & Extra Dimensions, Loop Quantum Gravity",CC BY 4.0,dataset,"Obidi, John Onimisi (2025). Einstein and Bohr Finally Reconciled on Quantum Theory: The Theory of Entropicity (ToE) as the Unifying Resolution to the Problem of Quantum Measurement and Wave Function Collapse:  A Befitting Contribution to this Year’s Centennial Reflection and Celebration of the Birth of Quantum Mechanics. figshare. Dataset. https://doi.org/10.6084/m9.figshare.28787270",False,,,https://figshare.com/articles/dataset/Einstein_and_Bohr_Finally_Reconciled_on_Quantum_Theory_The_Theory_of_Entropicity_ToE_as_the_Unifying_Resolution_to_the_Problem_of_Quantum_Measurement_and_Wave_Function_Collapse_A_Befitting_Contribution_to_this_Year_s_Centennial_Reflection_a/28787270
29289938,"On the Discovery of New Laws of Conservation and Uncertainty, Probability and CPT-Theorem Symmetry-Breaking in the Standard Model of Particle Physics: More Revolutionary Insights from the Theory of Entropicity (ToE).",10.6084/m9.figshare.29289938,188,68,0,private,0,1960443,2025-06-11T06:11:47Z,2025-06-11T06:32:23Z,2025-06-11T06:32:22Z,John Onimisi Obidi,"Quantum physics not elsewhere classified; Classical physics not elsewhere classified; Thermodynamics and statistical physics; Foundations of quantum mechanics; Quantum information, computation and communication; Quantum technologies; Degenerate quantum gases and atom optics; Particle physics; Particle and high energy physics not elsewhere classified; Field theory and string theory; Astroparticle physics and particle cosmology; Atomic and molecular physics; Atomic, molecular and optical physics not elsewhere classified; Lasers and quantum electronics; Nonlinear optics and spectroscopy; Photonics, optoelectronics and optical communications; Terahertz physics; Other physical sciences not elsewhere classified; Complex physical systems; Nuclear physics; Plasma physics; fusion plasmas; electrical discharges; Nuclear and plasma physics not elsewhere classified; Condensed matter characterisation technique development; Condensed matter modelling and density functional theory; Condensed matter physics not elsewhere classified; Galactic astronomy; General relativity and gravitational waves; High energy astrophysics and galactic cosmic rays; Planetary science (excl. solar system and planetary geology); Cosmology and extragalactic astronomy; Astronomical instrumentation; Astronomical sciences not elsewhere classified; Solar system energetic particles; Space sciences not elsewhere classified; Solar system planetary science (excl. planetary geology); Astrodynamics and space situational awareness; Medical physics; Medical and biological physics not elsewhere classified; Biological physics","Quantum Physics With a Single-Particle, standard model )., BlackHole Information, CPTSymmetryBreaking, Entropic Speed Limit, Entropic Probability Law, Microsoft’s Azure Majorana1 Qubits, Google’s Quantum Core Breakthrough Experiment, Standard Model, Born Rule",CC BY 4.0,dataset,"Obidi, John Onimisi (2025). On the Discovery of New Laws of Conservation and Uncertainty, Probability and CPT-Theorem Symmetry-Breaking in the Standard Model of Particle Physics: More Revolutionary Insights from the Theory of Entropicity (ToE).. figshare. Dataset. https://doi.org/10.6084/m9.figshare.29289938",False,,,https://figshare.com/articles/dataset/On_the_Discovery_of_New_Laws_of_Conservation_and_Uncertainty_Probability_and_CPT-Theorem_Symmetry-Breaking_in_the_Standard_Model_of_Particle_Physics_More_Revolutionary_Insights_from_the_Theory_of_Entropicity_ToE_/29289938
29441939,"A Critical Review of the Theory of Entropicity (ToE) on  Original Contributions, Conceptual Innovations, and Pathways  towards Enhanced Mathematical Rigor: An Addendum to the Discovery of New Laws of Conservation and  Uncertainty",10.6084/m9.figshare.29441939,309,155,0,private,0,2648113,2025-06-30T22:41:00Z,2025-06-30T22:54:40Z,2025-06-30T22:54:40Z,John Onimisi Obidi,"Classical and physical optics; Classical physics not elsewhere classified; Thermodynamics and statistical physics; Electrostatics and electrodynamics; Biological physics; Medical physics; Medical and biological physics not elsewhere classified; Condensed matter imaging; Condensed matter characterisation technique development; Soft condensed matter; Electronic and magnetic properties of condensed matter; superconductivity; Condensed matter physics not elsewhere classified; Condensed matter modelling and density functional theory; Nuclear physics; Nuclear and plasma physics not elsewhere classified; Plasma physics; fusion plasmas; electrical discharges; Astroparticle physics and particle cosmology; Field theory and string theory; Particle and high energy physics not elsewhere classified; Particle physics; Other physical sciences not elsewhere classified; Complex physical systems; Degenerate quantum gases and atom optics; Foundations of quantum mechanics; Quantum information, computation and communication; Quantum physics not elsewhere classified; Quantum technologies","quantum 31 P NMR experiment, field theory prediction, General relativity (Physics) Gravitational waves, Quantum Mechanics Free Energy Calculations, Standard Model Extensions, Astrophysics - High Energy Astrophysical Phenomena, Particle Physical State, Particle physics, standard model and beyond",CC BY 4.0,dataset,"Obidi, John Onimisi (2025). A Critical Review of the Theory of Entropicity (ToE) on  Original Contributions, Conceptual Innovations, and Pathways  towards Enhanced Mathematical Rigor: An Addendum to the Discovery of New Laws of Conservation and  Uncertainty. figshare. Dataset. https://doi.org/10.6084/m9.figshare.29441939",False,,,https://figshare.com/articles/dataset/A_Critical_Review_of_the_Theory_of_Entropicity_ToE_on_Original_Contributions_Conceptual_Innovations_and_Pathways_towards_Enhanced_Mathematical_Rigor_An_Addendum_to_the_Discovery_of_New_Laws_of_Conservation_and_Uncertainty/29441939
30327445,<i>On the Conceptual and Mathematical Foundations of the Theory of Entropicity (ToE): An Alternative Path toward  Quantum Gravity</i>,10.6084/m9.figshare.30327445,220,113,0,private,0,1218106,2025-10-10T06:51:02Z,2026-03-29T13:01:08Z,2025-10-10T07:10:08Z,John Onimisi Obidi,"Astronomical sciences not elsewhere classified; Galactic astronomy; Cosmology and extragalactic astronomy; General relativity and gravitational waves; High energy astrophysics and galactic cosmic rays; Planetary science (excl. solar system and planetary geology); Solar physics; Stellar astronomy and planetary systems; Classical and physical optics; Classical physics not elsewhere classified; Electrostatics and electrodynamics; Thermodynamics and statistical physics; Acoustics and acoustical devices; waves; Plasma physics; fusion plasmas; electrical discharges; Nuclear physics; Nuclear and plasma physics not elsewhere classified; Degenerate quantum gases and atom optics; Foundations of quantum mechanics; Quantum information, computation and communication; Quantum optics and quantum optomechanics; Quantum physics not elsewhere classified; Quantum technologies; Particle physics; Particle and high energy physics not elsewhere classified; Field theory and string theory; Astroparticle physics and particle cosmology; Other physical sciences not elsewhere classified; Complex physical systems; Atomic and molecular physics; Atomic, molecular and optical physics not elsewhere classified; Lasers and quantum electronics; Photonics, optoelectronics and optical communications; Terahertz physics; Nonlinear optics and spectroscopy; Condensed matter imaging; Condensed matter characterisation technique development; Condensed matter modelling and density functional theory; Condensed matter physics not elsewhere classified; Electronic and magnetic properties of condensed matter; superconductivity; Soft condensed matter; Structural properties of condensed matter; Surface properties of condensed matter; Medical physics; Medical and biological physics not elsewhere classified; Biological physics; Astrodynamics and space situational awareness; Heliophysics and space weather; Mesospheric, thermospheric, ionospheric and magnetospheric physics; Solar system energetic particles; Solar system planetary science (excl. planetary geology); Space instrumentation; Space sciences not elsewhere classified; Synchrotrons and accelerators not elsewhere classified; Synchrotrons; Instruments and techniques; Accelerators; History and philosophy of science; History and philosophy of specific fields not elsewhere classified; History and philosophy of engineering and technology; History of philosophy; History of ideas; Theology; Theology not elsewhere classified; Applied ethics not elsewhere classified; Bioethics; Ethical use of new technology; Medical ethics; Professional ethics; Christian studies; Comparative religious studies; Islamic studies; Jewish studies; Religious studies not elsewhere classified; Religion, society and culture; Studies in eastern religious traditions; Studies in religious traditions (excl. Eastern, Jewish, Christian and Islamic traditions); Aesthetics; Critical theory; Environmental philosophy; Decision theory; Epistemology; Hermeneutics; Logic; Ethical theory; Metaphysics; Phenomenology; Philosophical psychology (incl. moral psychology and philosophy of action); Philosophy not elsewhere classified; Philosophy of cognition; Philosophy of gender; Other philosophy and religious studies not elsewhere classified; Chemical thermodynamics and energetics; Catalysis and mechanisms of reactions; Physical chemistry not elsewhere classified; Reaction kinetics and dynamics; Physical properties of materials; Optical properties of materials; Decision making; Cognitive and computational psychology not elsewhere classified; Cognition; Learning, motivation and emotion; Memory and attention; Psycholinguistics (incl. speech production and comprehension); Sensory processes, perception and performance","Quantum Mechanical AnalysisQuantum, Physics -- Unruh Effect, Relativity and geometry, field theoretic formalism, particle physics principles, Standard Model of Particle Physics (SM), General relativity (Physics) Mathematics, General Relativity & Quantum Mechanics Unification, cosmology: theory - dark matter - galaxies: clusters: general - intergalactic medium, Quantum Field Theory in Curved Spacetime, Thermodynamics Characterize Wenzel Wetting States, astrophysics application",CC BY 4.0,preprint,"Obidi, John Onimisi (2025). <i>On the Conceptual and Mathematical Foundations of the Theory of Entropicity (ToE): An Alternative Path toward  Quantum Gravity</i>. figshare. Preprint. https://doi.org/10.6084/m9.figshare.30327445",False,,,https://figshare.com/articles/preprint/_i_On_the_Conceptual_and_Mathematical_Foundations_of_the_Theory_of_Entropicity_ToE_An_Alternative_Path_toward_Quantum_Gravity_i_/30327445
30337396,On the Conceptual and Mathematical Foundations of the Theory of Entropicity (ToE):  An Alternative  Path toward Quantum Gravity and the Unification of Physics,10.6084/m9.figshare.30337396,536,155,0,private,0,3107086,2025-10-11T17:01:39Z,2026-03-29T13:02:20Z,2025-10-17T16:32:35Z,John Onimisi Obidi,"Civil geotechnical engineering; Architectural engineering; Civil engineering not elsewhere classified; Construction engineering; Complex civil systems; Earthquake engineering; Fire safety engineering; Construction materials; Infrastructure engineering and asset management; Structural engineering; Structural dynamics; Aerospace engineering not elsewhere classified; Aerospace structures; Aerospace materials; Avionics; Aircraft performance and flight control systems; Automotive combustion and fuel engineering; Automotive engineering materials; Automotive engineering not elsewhere classified; Automotive mechatronics and autonomous systems; Automotive safety engineering; Carbon capture engineering (excl. sequestration); Chemical engineering design; Chemical and thermal processes in energy and combustion; Chemical engineering not elsewhere classified; Electrochemical energy storage and conversion; Aerodynamics (excl. hypersonic aerodynamics); Bio-fluids; Experimental methods in fluid flow, heat and mass transfer; Geophysical and environmental fluid flows; Fundamental and theoretical fluid dynamics; Fluid-structure interaction and aeroacoustics; Fluid mechanics and thermal engineering not elsewhere classified; Computational methods in fluid flow, heat and mass transfer (incl. computational fluid dynamics); Acoustics and noise control (excl. architectural acoustics); Dynamics, vibration and vibration control; Energy generation, conversion and storage (excl. chemical and electrical); Mechanical engineering asset management; Mechanical engineering not elsewhere classified; Microelectromechanical systems (MEMS); Cartography and digital mapping; Geomatic engineering not elsewhere classified; Geospatial information systems and geospatial data modelling; Navigation and position fixing; Photogrammetry and remote sensing; Ceramics; Composite and hybrid materials; Compound semiconductors; Elemental semiconductors; Functional materials; Behavioural economics; Applied economics not elsewhere classified; Environment and resource economics; Experimental economics; Econometric and statistical methods; Econometrics not elsewhere classified; Economic models and forecasting; Panel data analysis; Time-series analysis; Microeconomic theory; Mathematical economics; Macroeconomic theory; History of economic thought; Economic theory not elsewhere classified; Algebraic structures in mathematical physics; Integrable systems (classical and quantum); Mathematical aspects of classical mechanics, quantum mechanics and quantum information theory; Mathematical aspects of general relativity; Mathematical aspects of quantum and conformal field theory, quantum gravity and string theory; Mathematical physics not elsewhere classified; Statistical mechanics, physical combinatorics and mathematical aspects of condensed matter; Dynamical systems in applications; Complex systems; Biological mathematics; Applied mathematics not elsewhere classified; Approximation theory and asymptotic methods; Algebraic and differential geometry; Algebra and number theory; Lie groups, harmonic and Fourier analysis; Group theory and generalisations; Combinatorics and discrete mathematics (excl. physical combinatorics); Category theory, k theory, homological algebra; Mathematical logic, set theory, lattices and universal algebra; Operator algebras and functional analysis; Thermodynamics and statistical physics; Electrostatics and electrodynamics; Classical physics not elsewhere classified; Classical and physical optics; Acoustics and acoustical devices; waves; Particle physics; Particle and high energy physics not elsewhere classified; Field theory and string theory; Astroparticle physics and particle cosmology; Quantum technologies; Quantum physics not elsewhere classified; Quantum optics and quantum optomechanics; Quantum information, computation and communication; Foundations of quantum mechanics; Degenerate quantum gases and atom optics; Plasma physics; fusion plasmas; electrical discharges; Nuclear physics; Nuclear and plasma physics not elsewhere classified; Astrodynamics and space situational awareness; Mesospheric, thermospheric, ionospheric and magnetospheric physics; Heliophysics and space weather; Solar system energetic particles; Solar system planetary science (excl. planetary geology); Space instrumentation; Space sciences not elsewhere classified; Other physical sciences not elsewhere classified; Complex physical systems; Synchrotrons and accelerators not elsewhere classified; Synchrotrons; Instruments and techniques; Accelerators","Quantum Mechanical CalculationsBy, cosmology: large-scale structure of Universe, Theoretical physics of consciousness, relativity paradoxes, field theory, general relativity, unification of physics, quantum field theory, special relativity, Ginestra Bianconi, entropic gravity, erik verlinde, Amari-Cencov alpha connections, Renyi entropy, Tsallis entropy, Einstein, Fisher-Rao geometry, Fubini-Study metric, Entropicity, Theory of Entropicity (ToE), Quantum Gravity, Quantum Mechanics, Thermodynamics, Statistical mechanics, quantum distance, classical distinguishability, quantum distinguishability, Metrics, Levi-Civita connections, Christoffel Symbols, Vuli-Ndlela Integral, Entropic Time Limit (ETL), Entropic Speed Limit, Entropic Speed Limit (ESL), Schrodinger equations, Pre-geometric Physics, G-Field, Cosmological constant",CC BY 4.0,preprint,"Obidi, John Onimisi (2025). On the Conceptual and Mathematical Foundations of the Theory of Entropicity (ToE):  An Alternative  Path toward Quantum Gravity and the Unification of Physics. figshare. Preprint. https://doi.org/10.6084/m9.figshare.30337396",False,,,https://figshare.com/articles/preprint/On_the_Conceptual_and_Mathematical_Foundations_of_the_Theory_of_Entropicity_ToE_An_Alternative_Path_toward_Quantum_Gravity_and_the_Unification_of_Physics/30337396
30402100,A Simple Explanation of the Unifying Mathematical Architecture of the Theory of Entropicity (ToE): Crucial Elements  of ToE as a Field Theory,10.6084/m9.figshare.30402100,187,36,0,private,0,542292,2025-10-20T18:03:37Z,2026-03-29T13:09:32Z,2025-10-20T18:19:06Z,John Onimisi Obidi,"Acoustics and acoustical devices; waves; Classical and physical optics; Classical physics not elsewhere classified; Electrostatics and electrodynamics; Thermodynamics and statistical physics; Astronomical instrumentation; Astronomical sciences not elsewhere classified; Galactic astronomy; Cosmology and extragalactic astronomy; General relativity and gravitational waves; High energy astrophysics and galactic cosmic rays; Planetary science (excl. solar system and planetary geology); Solar physics; Condensed matter characterisation technique development; Condensed matter physics not elsewhere classified; Electronic and magnetic properties of condensed matter; superconductivity; Structural properties of condensed matter; Condensed matter modelling and density functional theory; Medical and biological physics not elsewhere classified; Biological physics; Medical physics; Plasma physics; fusion plasmas; electrical discharges; Nuclear physics; Nuclear and plasma physics not elsewhere classified; Other physical sciences not elsewhere classified; Complex physical systems; Particle physics; Particle and high energy physics not elsewhere classified; Field theory and string theory; Astroparticle physics and particle cosmology; Foundations of quantum mechanics; Degenerate quantum gases and atom optics; Quantum information, computation and communication; Quantum optics and quantum optomechanics; Quantum physics not elsewhere classified; Quantum technologies; Astrodynamics and space situational awareness; Heliophysics and space weather; Mesospheric, thermospheric, ionospheric and magnetospheric physics; Solar system energetic particles; Solar system planetary science (excl. planetary geology); Space instrumentation; Space sciences not elsewhere classified; Atomic and molecular physics; Atomic, molecular and optical physics not elsewhere classified; Lasers and quantum electronics; Nonlinear optics and spectroscopy; Photonics, optoelectronics and optical communications; Terahertz physics; Energy generation, conversion and storage (excl. chemical and electrical); Dynamics, vibration and vibration control; Mechanical engineering not elsewhere classified; Mechanical engineering asset management; Numerical modelling and mechanical characterisation; Microelectromechanical systems (MEMS); Acoustics and noise control (excl. architectural acoustics); Integrable systems (classical and quantum); Algebraic structures in mathematical physics; Mathematical aspects of classical mechanics, quantum mechanics and quantum information theory; Mathematical aspects of general relativity; Mathematical aspects of quantum and conformal field theory, quantum gravity and string theory; Mathematical physics not elsewhere classified; Statistical mechanics, physical combinatorics and mathematical aspects of condensed matter; Applied mathematics not elsewhere classified; Approximation theory and asymptotic methods; Calculus of variations, mathematical aspects of systems theory and control theory; Complex systems; Biological mathematics; Dynamical systems in applications; Financial mathematics; Computational statistics; Applied statistics; Large and complex data theory; Probability theory; Spatial statistics; Forensic evaluation, inference and statistics; Biostatistics; Critical theory; Aesthetics; Decision theory; Environmental philosophy; Epistemology; Ethical theory; Hermeneutics; Logic; Metaphysics; Phenomenology; Philosophical psychology (incl. moral psychology and philosophy of action); Philosophy not elsewhere classified; History and philosophy of science; History and philosophy of medicine; History and philosophy of law and justice; History and philosophy of engineering and technology; History and philosophy of the humanities; History and philosophy of the social sciences; History and philosophy of specific fields not elsewhere classified","General Relativty, quantum mechanics description, field theory model, Particle physics, standard model and beyond, cosmology: observations; galaxies: elliptical and lenticular, quantum gravity and cosmology, unification of physics, Standard Model Physics, Particle physics, standard model and beyond, quark flavor physics, entropy accounting, thermodynamics data, Fisher-Rao geometry, Fubini-Study metric, Renyi entropy (RE), Tsallis Entropy",CC BY 4.0,preprint,"Obidi, John Onimisi (2025). A Simple Explanation of the Unifying Mathematical Architecture of the Theory of Entropicity (ToE): Crucial Elements  of ToE as a Field Theory. figshare. Preprint. https://doi.org/10.6084/m9.figshare.30402100",False,,,https://figshare.com/articles/preprint/A_Simple_Explanation_of_the_Unifying_Mathematical_Architecture_of_the_Theory_of_Entropicity_ToE_Crucial_Elements_of_ToE_as_a_Field_Theory/30402100
30403402,Transformational Unification through the Theory of Entropicity (ToE):  A Reformulation of Quantum–Gravitational Correspondence via the Obidi Action and the Vuli-Ndlela Integral,10.6084/m9.figshare.30403402,85,24,0,private,0,376045,2025-10-21T02:31:05Z,2026-03-29T13:09:53Z,2025-10-21T02:37:28Z,John Onimisi Obidi,Classical and physical optics; Classical physics not elsewhere classified; Thermodynamics and statistical physics; Electrostatics and electrodynamics; Particle physics; Particle and high energy physics not elsewhere classified; Field theory and string theory; Astroparticle physics and particle cosmology; Other physical sciences not elsewhere classified; Complex physical systems,"General relativity (Physics) History, quantum mechanics models, unification of physics, Particle physics phenomenology, theoretical physics predicts, cosmology: observations – galaxies: evolution – infrared: galaxies – large-scale structure of universe – submillimeter: galaxies, Field Theory, Amari-Cencov alpha connections, Fubini-Study metric, Fisher-Rao geometry",CC BY 4.0,preprint,"Obidi, John Onimisi (2025). Transformational Unification through the Theory of Entropicity (ToE):  A Reformulation of Quantum–Gravitational Correspondence via the Obidi Action and the Vuli-Ndlela Integral. figshare. Preprint. https://doi.org/10.6084/m9.figshare.30403402",False,,,https://figshare.com/articles/preprint/Transformational_Unification_through_the_Theory_of_Entropicity_ToE_A_Reformulation_of_Quantum_Gravitational_Correspondence_via_the_Obidi_Action_and_the_Vuli-Ndlela_Integral/30403402
30466484,"The Theory of Entropicity (ToE) Derives and Explains Mass Increase, Time Dilation and Length Contraction in  Einstein’s Theory of Relativity (ToR): ToE Applies Logical Entropic Concepts and Principles to Verify Einstein’s Relativity",10.6084/m9.figshare.30466484,153,63,0,private,0,672652,2025-10-28T14:19:35Z,2026-03-29T13:17:39Z,2025-10-28T14:27:15Z,John Onimisi Obidi,"Classical and physical optics; Classical physics not elsewhere classified; Thermodynamics and statistical physics; Electrostatics and electrodynamics; Acoustics and acoustical devices; waves; Particle physics; Particle and high energy physics not elsewhere classified; Field theory and string theory; Astroparticle physics and particle cosmology; Atomic and molecular physics; Atomic, molecular and optical physics not elsewhere classified; Nonlinear optics and spectroscopy; Photonics, optoelectronics and optical communications; Mathematical aspects of general relativity; Mathematical aspects of classical mechanics, quantum mechanics and quantum information theory; Integrable systems (classical and quantum); Mathematical aspects of quantum and conformal field theory, quantum gravity and string theory; Mathematical physics not elsewhere classified; Statistical mechanics, physical combinatorics and mathematical aspects of condensed matter","Relativity and Energy Flow, quantum physcis, Time Dilation, Mass Increase, Length Contraction, Lorentz contraction, special relativity; equivalence principle; general relativity, Entropy",CC BY 4.0,preprint,"Obidi, John Onimisi (2025). The Theory of Entropicity (ToE) Derives and Explains Mass Increase, Time Dilation and Length Contraction in  Einstein’s Theory of Relativity (ToR): ToE Applies Logical Entropic Concepts and Principles to Verify Einstein’s Relativity. figshare. Preprint. https://doi.org/10.6084/m9.figshare.30466484",False,,,https://figshare.com/articles/preprint/The_Theory_of_Entropicity_ToE_Derives_and_Explains_Mass_Increase_Time_Dilation_and_Length_Contraction_in_Einstein_s_Theory_of_Relativity_ToR_ToE_Applies_Logical_Entropic_Concepts_and_Principles_to_Verify_Einstein_s_Relativity/30466484
30518915,The Theory of Entropicity (ToE) Derives Einstein's Relativistic Speed of Light (c) as a Function of the Entropic Field: ToE Applies Logical Entropic Concepts and Principles to Derive Einstein’s Second Postulate (Version 2.0),10.6084/m9.figshare.30518915,142,45,0,private,0,852475,2025-11-03T13:03:42Z,2026-03-29T13:22:22Z,2025-11-04T21:43:25Z,John Onimisi Obidi,"Particle physics; Particle and high energy physics not elsewhere classified; Field theory and string theory; Astroparticle physics and particle cosmology; Thermodynamics and statistical physics; Electrostatics and electrodynamics; Classical physics not elsewhere classified; Classical and physical optics; Acoustics and acoustical devices; waves; Other physical sciences not elsewhere classified; Complex physical systems; Quantum technologies; Quantum physics not elsewhere classified; Quantum optics and quantum optomechanics; Quantum information, computation and communication; Foundations of quantum mechanics; Degenerate quantum gases and atom optics","Relativity (Physics) Gravitational waves, Quantum physics, Excitons, Oxide semiconductors, Entropy, Thermodynamics, Special Relativity Search, Unification Forces, field theory predictions, Theoretical physics and mathematics",CC BY 4.0,preprint,"Obidi, John Onimisi (2025). The Theory of Entropicity (ToE) Derives Einstein's Relativistic Speed of Light (c) as a Function of the Entropic Field: ToE Applies Logical Entropic Concepts and Principles to Derive Einstein’s Second Postulate (Version 2.0). figshare. Preprint. https://doi.org/10.6084/m9.figshare.30518915",False,,,https://figshare.com/articles/preprint/The_Theory_of_Entropicity_ToE_Derives_Einstein_s_Relativistic_Speed_of_Light_c_as_a_Function_of_the_Entropic_Field_ToE_Applies_Logical_Entropic_Concepts_and_Principles_to_Derive_Einstein_s_Second_Postulate_Version_1_0_/30518915
30550706,Comparative Analysis Between John Onimisi Obidi’s Theory of Entropicity (ToE) and Waldemar Marek Feldt’s FELDT–HIGGS Universal Bridge (F–HUB) Theory: From Information Fields to Entropic Dynamics: Evaluating Competing Foundations for a Post-Einsteinian Physics in Our Understanding of Nature and Reality,10.6084/m9.figshare.30550706,140,83,0,private,0,602063,2025-11-06T07:36:22Z,2026-03-29T13:24:53Z,2025-11-06T07:44:52Z,John Onimisi Obidi,"Thermodynamics and statistical physics; Electrostatics and electrodynamics; Classical physics not elsewhere classified; Classical and physical optics; Acoustics and acoustical devices; waves; Other physical sciences not elsewhere classified; Complex physical systems; Condensed matter characterisation technique development; Particle physics; Particle and high energy physics not elsewhere classified; Field theory and string theory; Astroparticle physics and particle cosmology; Quantum technologies; Quantum physics not elsewhere classified; Quantum optics and quantum optomechanics; Quantum information, computation and communication; Foundations of quantum mechanics; Degenerate quantum gases and atom optics; Photonics, optoelectronics and optical communications; Terahertz physics; Atomic, molecular and optical physics not elsewhere classified; Lasers and quantum electronics; Atomic and molecular physics; Nonlinear optics and spectroscopy","Quantum Physics With a Single-Particle, Higgs field mechanism, Higgs Field Coupling, Standard Model,, Particle physics, standard model and beyond, quark flavor physics, entropy (<, General Relativity and Geodesics, thermodynamics contributions, Entropic gravity, Entropicity, Theory of Entropicity (ToE)",CC BY 4.0,preprint,"Obidi, John Onimisi (2025). Comparative Analysis Between John Onimisi Obidi’s Theory of Entropicity (ToE) and Waldemar Marek Feldt’s FELDT–HIGGS Universal Bridge (F–HUB) Theory: From Information Fields to Entropic Dynamics: Evaluating Competing Foundations for a Post-Einsteinian Physics in Our Understanding of Nature and Reality. figshare. Preprint. https://doi.org/10.6084/m9.figshare.30550706",False,,,https://figshare.com/articles/preprint/Comparative_Analysis_Between_John_Onimisi_Obidi_s_Theory_of_Entropicity_ToE_and_Waldemar_Marek_Feldt_s_FELDT_HIGGS_Universal_Bridge_F_HUB_Theory_From_Information_Fields_to_Entropic_Dynamics_Evaluating_Competing_Foundations_for_a_Post-Einste/30550706
30590135,The Theory of Entropicity (ToE) Derives Einstein's Relativistic Speed of Light (c) as a Function of the Entropic Field: ToE Applies Logical Entropic Concepts and Principles to Derive Einstein’s Second Postulate,10.33774/coe-2025-f5qw8-v2,0,0,0,draft,0,0,2025-11-11T13:10:29Z,2025-11-11T13:10:31Z,,John Onimisi Obidi,,,CC BY 4.0,preprint,"Obidi, John Onimisi (2025). The Theory of Entropicity (ToE) Derives Einstein's Relativistic Speed of Light (c) as a Function of the Entropic Field: ToE Applies Logical Entropic Concepts and Principles to Derive Einstein’s Second Postulate. figshare. Preprint. https://doi.org/10.33774/coe-2025-f5qw8-v2",False,,,https://figshare.com/articles/preprint/_/30590135
30596129,On the Theory of Entropicity (ToE) and Ginestra Bianconi’s Gravity from Entropy: A Rigorous Derivation of Bianconi’s Results from the Entropic Obidi Actions of the Theory of Entropicity (ToE),10.6084/m9.figshare.30596129,142,22,0,private,0,1828494,2025-11-12T05:16:37Z,2026-03-29T13:31:03Z,2025-11-12T07:22:57Z,John Onimisi Obidi,"Astrodynamics and space situational awareness; Heliophysics and space weather; Mesospheric, thermospheric, ionospheric and magnetospheric physics; Solar system energetic particles; Solar system planetary science (excl. planetary geology); Space instrumentation; Quantum technologies; Quantum physics not elsewhere classified; Quantum optics and quantum optomechanics; Quantum information, computation and communication; Foundations of quantum mechanics; Degenerate quantum gases and atom optics; Plasma physics; fusion plasmas; electrical discharges; Nuclear physics; Nuclear and plasma physics not elsewhere classified; Medical physics; Medical and biological physics not elsewhere classified; Biological physics; Soft condensed matter; Electronic and magnetic properties of condensed matter; superconductivity; Condensed matter physics not elsewhere classified; Condensed matter modelling and density functional theory; Condensed matter imaging; Condensed matter characterisation technique development; Thermodynamics and statistical physics; Electrostatics and electrodynamics; Classical physics not elsewhere classified; Classical and physical optics; Acoustics and acoustical devices; waves; Atomic and molecular physics; Atomic, molecular and optical physics not elsewhere classified; Lasers and quantum electronics; Nonlinear optics and spectroscopy; Photonics, optoelectronics and optical communications; Terahertz physics; Astrobiology; Astronomical instrumentation; Astronomical sciences not elsewhere classified; Cosmology and extragalactic astronomy; Galactic astronomy; General relativity and gravitational waves; High energy astrophysics and galactic cosmic rays; Planetary science (excl. solar system and planetary geology); Particle physics; Particle and high energy physics not elsewhere classified; Field theory and string theory; Astroparticle physics and particle cosmology; Other physical sciences not elsewhere classified; Complex physical systems","Amari--Čencov, Araki Relative Entropy, Atiyah--Singer Index Theorem, Bekenstein--Hawking Entropy, Local Obidi Action (LOA), Obidi Actions, Spectral Obidi Action (SOA), Theory of Entropicity (ToE), Vuli--Ndlela Integral, Canonical Quantization, Dark Matter, Dirac--Kähler Fermions, Einstein--Hilbert Action, Entropic Field, Entropy Geometry, Fisher--Rao Metric, Fubini--Study Metric",CC BY 4.0,preprint,"Obidi, John Onimisi (2025). On the Theory of Entropicity (ToE) and Ginestra Bianconi’s Gravity from Entropy: A Rigorous Derivation of Bianconi’s Results from the Entropic Obidi Actions of the Theory of Entropicity (ToE). figshare. Preprint. https://doi.org/10.6084/m9.figshare.30596129",False,,,https://figshare.com/articles/preprint/On_the_Theory_of_Entropicity_ToE_and_Ginestra_Bianconi_sGravity_from_Entropy_A_Rigorous_Derivation_of_Bianconi_s_Results_from_the_Entropic_Obidi_Actions_of_the_Theory_of_Entropicity_ToE_/30596129
30619355,Comparative Analysis Between John Onimisi Obidi’s Theory of Entropicity (ToE) and Waldemar Marek Feldt’s FELDT–HIGGS Universal Bridge (F–HUB) Theory: From Information Fields to Entropic Dynamics: Evaluating Competing Foundations for a Post-Einsteinian Physics in Our Understanding of Nature and Reality,10.33774/coe-2025-cvp32,0,0,0,draft,0,0,2025-11-14T12:10:31Z,2025-11-14T12:10:33Z,,John Onimisi Obidi,,,CC BY 4.0,preprint,"Obidi, John Onimisi (2025). Comparative Analysis Between John Onimisi Obidi’s Theory of Entropicity (ToE) and Waldemar Marek Feldt’s FELDT–HIGGS Universal Bridge (F–HUB) Theory: From Information Fields to Entropic Dynamics: Evaluating Competing Foundations for a Post-Einsteinian Physics in Our Understanding of Nature and Reality. figshare. Preprint. https://doi.org/10.33774/coe-2025-cvp32",False,,,https://figshare.com/articles/preprint/_/30619355
30619358,On the Theory of Entropicity (ToE) and Ginestra Bianconi’s Gravity from Entropy: A Rigorous Derivation of Bianconi’s Results from the Entropic Obidi Actions of the Theory of Entropicity (ToE),10.33774/coe-2025-g7ztq,0,0,0,draft,0,0,2025-11-14T12:10:33Z,2025-11-14T12:10:35Z,,John Onimisi Obidi,,,CC BY 4.0,preprint,"Obidi, John Onimisi (2025). On the Theory of Entropicity (ToE) and Ginestra Bianconi’s Gravity from Entropy: A Rigorous Derivation of Bianconi’s Results from the Entropic Obidi Actions of the Theory of Entropicity (ToE). figshare. Preprint. https://doi.org/10.33774/coe-2025-g7ztq",False,,,https://figshare.com/articles/preprint/_/30619358
30627200,The Theory of Entropicity (ToE) Goes Beyond Holographic Pseudo-Entropy: From Boundary Diagnostics to a Universal Entropic Field Theory,10.6084/m9.figshare.30627200,298,39,0,private,0,940747,2025-11-15T09:14:35Z,2026-03-29T13:34:35Z,2025-11-15T09:23:51Z,John Onimisi Obidi,"Planetary science (excl. solar system and planetary geology); High energy astrophysics and galactic cosmic rays; General relativity and gravitational waves; Galactic astronomy; Cosmology and extragalactic astronomy; Astronomical instrumentation; Astronomical sciences not elsewhere classified; Astrobiology; Photonics, optoelectronics and optical communications; Terahertz physics; Nonlinear optics and spectroscopy; Lasers and quantum electronics; Atomic, molecular and optical physics not elsewhere classified; Atomic and molecular physics; Thermodynamics and statistical physics; Electrostatics and electrodynamics; Classical physics not elsewhere classified; Classical and physical optics; Acoustics and acoustical devices; waves; Structural properties of condensed matter; Soft condensed matter; Electronic and magnetic properties of condensed matter; superconductivity; Condensed matter physics not elsewhere classified; Condensed matter modelling and density functional theory; Condensed matter imaging; Condensed matter characterisation technique development; Medical physics; Medical and biological physics not elsewhere classified; Biological physics; Plasma physics; fusion plasmas; electrical discharges; Nuclear physics; Nuclear and plasma physics not elsewhere classified; Other physical sciences not elsewhere classified; Complex physical systems; Particle physics; Particle and high energy physics not elsewhere classified; Astroparticle physics and particle cosmology; Field theory and string theory; Quantum technologies; Quantum physics not elsewhere classified; Quantum optics and quantum optomechanics; Quantum information, computation and communication; Foundations of quantum mechanics; Degenerate quantum gases and atom optics; Space sciences not elsewhere classified; Space instrumentation; Solar system planetary science (excl. planetary geology); Solar system energetic particles; Mesospheric, thermospheric, ionospheric and magnetospheric physics; Heliophysics and space weather; Astrodynamics and space situational awareness; Integrable systems (classical and quantum); Algebraic structures in mathematical physics; Mathematical aspects of classical mechanics, quantum mechanics and quantum information theory; Mathematical aspects of general relativity; Mathematical physics not elsewhere classified; Mathematical aspects of quantum and conformal field theory, quantum gravity and string theory; Statistical mechanics, physical combinatorics and mathematical aspects of condensed matter",Keywords  Amari–Čencov α–Connections; Araki Relative Entropy; Atiyah–Singer Index Theorem;  Bekenstein–Hawking Entropy; Bosons; Canonical Quantization; Complex Geodesics; Dark Matter; Dark  Energy; dS/CFT Correspondence; Dirac–Kähler Fermions; Dirac Spinors; Einstein–Hilbert Action; Emer gent Geometry; Entropic Field; Entropic Geodesics; Entropy Geometry; Entropy as Ontic Field; Fermions;  Fisher–Rao Metric; Fubini–Study Metric; G-Field (Bianconi); Ginestra Bianconi; Holographic Pseudo Entropy; Information Geometry; Jacobson Thermodynamics; Kinematic Space (dS2); Klein–Gordon  Equation (Pseudo-Entropy); Local Obidi Action (LOA); Master Entropic Equation (MEE); Modular Op erator ∆; Nonlinear Entropic Dynamics; Obidi Actions; Padmanabhan Entropic Gravity; Pseudo-Entropy  (Takayanagi–Kusuki–Tamaoka); Quantum Entanglement; Quantum Gravity; Rényi Entropy; Relative  Entropy; Shannon Information; Small Positive Cosmological Constant; Spectral Action; Spectral Dynam ics; Spectral Geometry; Spectral Obidi Action (SOA); Spectral Theories; Takayanagi–Kusuki–Tamaoka  Pseudo-Entropy; Theory of Entropicity (ToE); Thermodynamic Gravity; Tsallis Entropy; Vuli–Ndlela  Integral; Yang–Mills Theory.,CC BY 4.0,preprint,"Obidi, John Onimisi (2025). The Theory of Entropicity (ToE) Goes Beyond Holographic Pseudo-Entropy: From Boundary Diagnostics to a Universal Entropic Field Theory. figshare. Preprint. https://doi.org/10.6084/m9.figshare.30627200",False,,,https://figshare.com/articles/preprint/The_Theory_of_Entropicity_ToE_Goes_Beyond_Holographic_Pseudo-Entropy_From_Boundary_Diagnostics_to_a_Universal_Entropic_Field_Theory/30627200
30643277,The Theory of Entropicity (ToE) Goes Beyond Holographic Pseudo-Entropy,10.22541/au.176340906.62496480/v1,0,0,0,draft,0,0,2025-11-17T22:10:28Z,2025-11-17T22:10:30Z,,John Onimisi Obidi; Tadashi Takayanagi,,,CC BY 4.0,preprint,"Obidi, John Onimisi; Takayanagi, Tadashi (2025). The Theory of Entropicity (ToE) Goes Beyond Holographic Pseudo-Entropy. figshare. Preprint. https://doi.org/10.22541/au.176340906.62496480/v1",False,,,https://figshare.com/articles/preprint/_/30643277
30838712,Comparative Analysis Between John Onimisi Obidi’s Theory of Entropicity (ToE) and Waldemar Marek Feldt’s FELDT–HIGGS Universal Bridge (F–HUB) Theory,10.6084/m9.figshare.30838712,55,17,0,private,0,707144,2025-12-09T18:26:36Z,2026-03-30T07:08:54Z,2025-12-09T18:32:44Z,John Onimisi Obidi,"Thermodynamics and statistical physics; Classical physics not elsewhere classified; Electrostatics and electrodynamics; Classical and physical optics; Acoustics and acoustical devices; waves; Statistical mechanics, physical combinatorics and mathematical aspects of condensed matter; Mathematical physics not elsewhere classified; Mathematical aspects of quantum and conformal field theory, quantum gravity and string theory; Mathematical aspects of general relativity; Mathematical aspects of classical mechanics, quantum mechanics and quantum information theory; Integrable systems (classical and quantum); Algebraic structures in mathematical physics","Quantum Mechanics / Molecular Mechanics (QM/MM), relativity, quantum, cosmology, analytical, deflection, space, time, astronomy, rotation, black hole, gravitation, fundamental, unified theory, Silong Cui, Lorentz factor",CC BY 4.0,journal contribution,"Obidi, John Onimisi (2025). Comparative Analysis Between John Onimisi Obidi’s Theory of Entropicity (ToE) and Waldemar Marek Feldt’s FELDT–HIGGS Universal Bridge (F–HUB) Theory. figshare. Journal contribution. https://doi.org/10.6084/m9.figshare.30838712",False,,,https://figshare.com/articles/journal_contribution/Comparative_Analysis_Between_John_Onimisi_Obidi_s_Theory_of_Entropicity_ToE_and_Waldemar_Marek_Feldt_s_FELDT_HIGGS_Universal_Bridge_F_HUB_Theory/30838712
30958670,The Theory of Entropicity (ToE) Goes Beyond Holographic Pseudo-Entropy: From Boundary Diagnostics to a Universal Entropic Field Theory,10.6084/m9.figshare.30958670,149,34,0,private,0,1004284,2025-12-27T16:37:46Z,2026-03-30T07:21:10Z,2025-12-27T17:04:39Z,John Onimisi Obidi,"Thermodynamics and statistical physics; Electrostatics and electrodynamics; Classical physics not elsewhere classified; Classical and physical optics; Acoustics and acoustical devices; waves; Astrobiology; Astronomical instrumentation; Astronomical sciences not elsewhere classified; Cosmology and extragalactic astronomy; Galactic astronomy; General relativity and gravitational waves; High energy astrophysics and galactic cosmic rays; Planetary science (excl. solar system and planetary geology); Solar physics; Stellar astronomy and planetary systems; Particle physics; Particle and high energy physics not elsewhere classified; Field theory and string theory; Astroparticle physics and particle cosmology; Degenerate quantum gases and atom optics; Foundations of quantum mechanics; Quantum information, computation and communication; Quantum optics and quantum optomechanics; Quantum physics not elsewhere classified; Quantum technologies; Synchrotrons and accelerators not elsewhere classified; Synchrotrons; Instruments and techniques; Accelerators; Plasma physics; fusion plasmas; electrical discharges; Nuclear physics; Nuclear and plasma physics not elsewhere classified; Terahertz physics; Photonics, optoelectronics and optical communications; Nonlinear optics and spectroscopy; Lasers and quantum electronics; Atomic, molecular and optical physics not elsewhere classified; Atomic and molecular physics; Other physical sciences not elsewhere classified; Complex physical systems; Space sciences not elsewhere classified; Space instrumentation; Solar system planetary science (excl. planetary geology); Solar system energetic particles; Mesospheric, thermospheric, ionospheric and magnetospheric physics; Heliophysics and space weather; Astrodynamics and space situational awareness; Surface properties of condensed matter; Structural properties of condensed matter; Soft condensed matter; Electronic and magnetic properties of condensed matter; superconductivity; Condensed matter physics not elsewhere classified; Condensed matter modelling and density functional theory; Condensed matter imaging; Condensed matter characterisation technique development","Theoretical Physics, Relativity, Entropy, Pseudo-Entropy, Field Theory, Standard Model, Particle Physics, Higgs Field, Higgs Boson, Bosonic Field, Thermodynamics, Quantum Physics, Theory of Entropicity (ToE), Obidi Actions, Field Equations",CC BY 4.0,preprint,"Obidi, John Onimisi (2025). The Theory of Entropicity (ToE) Goes Beyond Holographic Pseudo-Entropy: From Boundary Diagnostics to a Universal Entropic Field Theory. figshare. Preprint. https://doi.org/10.6084/m9.figshare.30958670",False,,,https://figshare.com/articles/preprint/The_Theory_of_Entropicity_ToE_Goes_Beyond_Holographic_Pseudo-Entropy_From_Boundary_Diagnostics_to_a_Universal_Entropic_Field_Theory/30958670
30959819,"Further Expositions on the Theory of Entropicity (ToE) and Ginestra Bianconi’s Gravity from Entropy - How the Theory of Entropicity (ToE) Unifies Spectral and Araki Entropies with Tsallis, Rényi, Fisher–Rao, Fubini–Study, and Amari–Čencov Formalisms (Version 1.0)",10.6084/m9.figshare.30959819,75,20,0,private,0,899873,2025-12-28T13:42:46Z,2026-03-30T07:21:33Z,2025-12-28T13:51:17Z,John Onimisi Obidi,"Quantum technologies; Quantum optics and quantum optomechanics; Quantum physics not elsewhere classified; Quantum information, computation and communication; Degenerate quantum gases and atom optics; Foundations of quantum mechanics; Thermodynamics and statistical physics; Electrostatics and electrodynamics; Classical physics not elsewhere classified; Classical and physical optics; Acoustics and acoustical devices; waves; Cosmology and extragalactic astronomy; General relativity and gravitational waves; High energy astrophysics and galactic cosmic rays; Particle physics; Particle and high energy physics not elsewhere classified; Field theory and string theory; Astroparticle physics and particle cosmology","General Relativity & Quantum Mechanics Unification, Quantum Mechanical Calculation StudyThe resonance Raman spectroscopic study, quantum field theory,, Standard Model, Particle Physics, Entropy, Holography, Obidi Actions, Theory of Entropicity (ToE)",CC BY 4.0,preprint,"Obidi, John Onimisi (2025). Further Expositions on the Theory of Entropicity (ToE) and Ginestra Bianconi’s Gravity from Entropy - How the Theory of Entropicity (ToE) Unifies Spectral and Araki Entropies with Tsallis, Rényi, Fisher–Rao, Fubini–Study, and Amari–Čencov Formalisms (Version 1.0). figshare. Preprint. https://doi.org/10.6084/m9.figshare.30959819",False,,,https://figshare.com/articles/preprint/Further_Expositions_on_the_Theory_of_Entropicity_ToE_and/30959819
30964483,"Entropicity, Neutrino Mixing, and the PMNS Matrix:  A New Perspective on Neutrino Oscillations and Symmetries",10.6084/m9.figshare.30964483,50,10,0,private,0,444991,2025-12-29T15:24:41Z,2026-03-30T07:22:24Z,2025-12-29T15:37:52Z,John Onimisi Obidi,"Terahertz physics; Photonics, optoelectronics and optical communications; Nonlinear optics and spectroscopy; Lasers and quantum electronics; Atomic, molecular and optical physics not elsewhere classified; Atomic and molecular physics; Plasma physics; fusion plasmas; electrical discharges; Nuclear physics; Nuclear and plasma physics not elsewhere classified; Thermodynamics and statistical physics; Electrostatics and electrodynamics; Classical physics not elsewhere classified; Classical and physical optics; Acoustics and acoustical devices; waves; Soft condensed matter; Electronic and magnetic properties of condensed matter; superconductivity; Condensed matter physics not elsewhere classified; Condensed matter modelling and density functional theory; Condensed matter imaging; Condensed matter characterisation technique development; Quantum technologies; Quantum physics not elsewhere classified; Quantum optics and quantum optomechanics; Quantum information, computation and communication; Foundations of quantum mechanics; Degenerate quantum gases and atom optics; Particle physics; Particle and high energy physics not elsewhere classified; Field theory and string theory; Astroparticle physics and particle cosmology","Quantum Field Theory and Gravitation, General relativity (Physics), Entropy, Standard Model, Particle Physics, PMNS Matrix, Neutrino Physics",CC BY 4.0,preprint,"Obidi, John Onimisi (2025). Entropicity, Neutrino Mixing, and the PMNS Matrix:  A New Perspective on Neutrino Oscillations and Symmetries. figshare. Preprint. https://doi.org/10.6084/m9.figshare.30964483",False,,,https://figshare.com/articles/preprint/Entropicity_Neutrino_Mixing_and_the_PMNS_Matrix_A_New_Perspective_on_Neutrino_Oscillations_and_Symmetries/30964483
30968344,"The Theory of Entropicity (ToE) Sheds Light on String Theory, Quantum Field Theory, and the Casimir Effect: Strings and Branes are Vibrations of Information [Geometry] in the Entropic Field of ToE",10.6084/m9.figshare.30968344,70,12,0,private,0,748221,2025-12-29T23:39:38Z,2026-03-30T07:22:35Z,2025-12-29T23:47:21Z,John Onimisi Obidi,"Quantum technologies; Quantum physics not elsewhere classified; Quantum optics and quantum optomechanics; Quantum information, computation and communication; Foundations of quantum mechanics; Degenerate quantum gases and atom optics; Particle physics; Particle and high energy physics not elsewhere classified; Field theory and string theory; Astroparticle physics and particle cosmology; Other physical sciences not elsewhere classified; Complex physical systems; Plasma physics; fusion plasmas; electrical discharges; Nuclear physics; Nuclear and plasma physics not elsewhere classified; Medical physics; Medical and biological physics not elsewhere classified; Biological physics; Electronic and magnetic properties of condensed matter; superconductivity; Condensed matter physics not elsewhere classified; Condensed matter modelling and density functional theory; Condensed matter imaging; Condensed matter characterisation technique development; Soft condensed matter; Structural properties of condensed matter; Thermodynamics and statistical physics; Electrostatics and electrodynamics; Classical physics not elsewhere classified; Classical and physical optics; Acoustics and acoustical devices; waves; Terahertz physics; Photonics, optoelectronics and optical communications; Nonlinear optics and spectroscopy; Lasers and quantum electronics; Atomic, molecular and optical physics not elsewhere classified; Atomic and molecular physics; High energy astrophysics and galactic cosmic rays; General relativity and gravitational waves; Galactic astronomy; Cosmology and extragalactic astronomy; Astronomical sciences not elsewhere classified; Astronomical instrumentation; Astrobiology","General relativity (Physics) - Mathematics, Casimir Effect, String Theory, Quantum Field Theory, Particle Physics, Standard Model, Theory of Entropicity (ToE), Information Geometry, Temperature of Information, Temperature of Geometry",CC BY 4.0,preprint,"Obidi, John Onimisi (2025). The Theory of Entropicity (ToE) Sheds Light on String Theory, Quantum Field Theory, and the Casimir Effect: Strings and Branes are Vibrations of Information [Geometry] in the Entropic Field of ToE. figshare. Preprint. https://doi.org/10.6084/m9.figshare.30968344",False,,,https://figshare.com/articles/preprint/The_Theory_of_Entropicity_ToE_Sheds_Light_on_String_Theory_Quantum_Field_Theory_and_the_Casimir_Effect_/30968344
30976342,"From the Temperature of Information to the Temperature of Geometry: The Foundations of the Theory of Entropicity (ToE) and the Unification of Quantum and Entropic Reality - A Unified Framework for the Thermodynamic, Quantum, and Geometric Foundations of Physical Reality",10.6084/m9.figshare.30976342,69,10,0,private,0,743118,2025-12-30T20:00:11Z,2026-03-30T07:23:14Z,2025-12-30T20:06:58Z,John Onimisi Obidi,"Quantum technologies; Quantum physics not elsewhere classified; Quantum optics and quantum optomechanics; Quantum information, computation and communication; Foundations of quantum mechanics; Degenerate quantum gases and atom optics; Particle physics; Particle and high energy physics not elsewhere classified; Field theory and string theory; Astroparticle physics and particle cosmology; Plasma physics; fusion plasmas; electrical discharges; Nuclear physics; Nuclear and plasma physics not elsewhere classified; Condensed matter characterisation technique development; Condensed matter imaging; Condensed matter modelling and density functional theory; Condensed matter physics not elsewhere classified; Electronic and magnetic properties of condensed matter; superconductivity; Soft condensed matter; Structural properties of condensed matter; Surface properties of condensed matter; Thermodynamics and statistical physics; Electrostatics and electrodynamics; Classical physics not elsewhere classified; Classical and physical optics; Acoustics and acoustical devices; waves; Terahertz physics; Photonics, optoelectronics and optical communications; Nonlinear optics and spectroscopy; Lasers and quantum electronics; Atomic, molecular and optical physics not elsewhere classified; Atomic and molecular physics; General relativity and gravitational waves; Galactic astronomy; Cosmology and extragalactic astronomy; Astronomical sciences not elsewhere classified; Astronomical instrumentation; Astrobiology; High energy astrophysics and galactic cosmic rays; Solar physics; Planetary science (excl. solar system and planetary geology)","Quantum Physics, General Relativity, Information Geometry, Theory of Entropicity (ToE), Particle Physics, Standard Model, Quantum Field Theory",CC BY 4.0,preprint,"Obidi, John Onimisi (2025). From the Temperature of Information to the Temperature of Geometry: The Foundations of the Theory of Entropicity (ToE) and the Unification of Quantum and Entropic Reality - A Unified Framework for the Thermodynamic, Quantum, and Geometric Foundations of Physical Reality. figshare. Preprint. https://doi.org/10.6084/m9.figshare.30976342",False,,,https://figshare.com/articles/preprint/From_the_Temperature_of_Information_to_the_Temperature_of_Geometry_The_Foundations_of_the_Theory_of_Entropicity_ToE_and_the_Unification_of_Quantum_and_Entropic_Reality_-_A_Unified_Framework_for_the_Thermodynamic_Quantum_and_Geometric_Founda/30976342
30983197,"Collected Works on the Evolution of the Foundations of the Theory of Entropicity(ToE): Establishing Entropy as the Fundamental Field that Underlies and Governs All Observations, Measurements, and Interactions - Volume I: The Conceptual and Philosophical Expositions (Version 1.0)",10.6084/m9.figshare.30983197,77,8,0,private,0,3366879,2025-12-31T22:32:30Z,2026-03-30T07:23:51Z,2025-12-31T22:59:47Z,John Onimisi Obidi,"Mathematical aspects of classical mechanics, quantum mechanics and quantum information theory; Thermodynamics and statistical physics; Electrostatics and electrodynamics; Classical physics not elsewhere classified; Classical and physical optics; Acoustics and acoustical devices; waves; Particle physics; Particle and high energy physics not elsewhere classified; Field theory and string theory; Astroparticle physics and particle cosmology; Atomic and molecular physics; Atomic, molecular and optical physics not elsewhere classified; Lasers and quantum electronics; Nonlinear optics and spectroscopy; Photonics, optoelectronics and optical communications; Terahertz physics; Quantum technologies; Quantum physics not elsewhere classified; Quantum optics and quantum optomechanics; Quantum information, computation and communication; Foundations of quantum mechanics; Degenerate quantum gases and atom optics","Quantum Physics, General Relativity, unification of physics, Standard Model, Particle Physics",CC BY 4.0,book,"Obidi, John Onimisi (2025). Collected Works on the Evolution of the Foundations of the Theory of Entropicity(ToE): Establishing Entropy as the Fundamental Field that Underlies and Governs All Observations, Measurements, and Interactions - Volume I: The Conceptual and Philosophical Expositions (Version 1.0). figshare. Book. https://doi.org/10.6084/m9.figshare.30983197",False,,,https://figshare.com/articles/book/Collected_Works_on_the_Evolution_of_the_Foundations_of_the_Theory_of_Entropicity_ToE_Establishing_Entropy_as_the_Fundamental_Field_that_Underlies_and_Governs_All_Observations_Measurements_and_Interactions_-_Volume_I_The_Conceptual_and_Philo/30983197
30987508,The Theory of Entropicity (ToE) Goes Beyond Holographic Pseudo-Entropy: From Boundary Diagnostics to a Universal Entropic Field Theory,10.33774/coe-2026-h9v6x,0,0,0,draft,0,0,2026-01-02T13:40:33Z,2026-01-02T13:40:35Z,,John Onimisi Obidi,,,CC BY 4.0,preprint,"Obidi, John Onimisi (2026). The Theory of Entropicity (ToE) Goes Beyond Holographic Pseudo-Entropy: From Boundary Diagnostics to a Universal Entropic Field Theory. figshare. Preprint. https://doi.org/10.33774/coe-2026-h9v6x",False,,,https://figshare.com/articles/preprint/_/30987508
30995746,"Further Expositions on the Theory of Entropicity (ToE) and Ginestra Bianconi’s Gravity from Entropy: How the Theory of Entropicity (ToE) Unifies Spectral and Araki Entropies with Tsallis, Rényi, Fisher–Rao, Fubini–Study, and Amari–Čencov Formalisms",10.33774/coe-2026-4g2q6,0,0,0,draft,0,0,2026-01-04T12:30:36Z,2026-01-04T12:30:38Z,,John Onimisi Obidi,,,CC BY 4.0,preprint,"Obidi, John Onimisi (2026). Further Expositions on the Theory of Entropicity (ToE) and Ginestra Bianconi’s Gravity from Entropy: How the Theory of Entropicity (ToE) Unifies Spectral and Araki Entropies with Tsallis, Rényi, Fisher–Rao, Fubini–Study, and Amari–Čencov Formalisms. figshare. Preprint. https://doi.org/10.33774/coe-2026-4g2q6",False,,,https://figshare.com/articles/preprint/_/30995746
30998890,"Entropicity, Neutrino Mixing, and the PMNS Matrix: A New Perspective on Neutrino Oscillations and Symmetries Based on New Insights from the Theory of Entropicity(ToE)",10.33774/coe-2026-h2tps,0,0,0,draft,0,0,2026-01-05T12:45:52Z,2026-01-05T12:45:54Z,,John Onimisi Obidi,,,CC BY 4.0,preprint,"Obidi, John Onimisi (2026). Entropicity, Neutrino Mixing, and the PMNS Matrix: A New Perspective on Neutrino Oscillations and Symmetries Based on New Insights from the Theory of Entropicity(ToE). figshare. Preprint. https://doi.org/10.33774/coe-2026-h2tps",False,,,https://figshare.com/articles/preprint/_/30998890
30998893,"From the Temperature of Information to the Temperature of Geometry: The Foundations of the Theory of Entropicity (ToE) and the Unification of Quantum and Entropic Reality - A Unified Framework for the Thermodynamic, Quantum, and Geometric Foundations of Physical Reality",10.33774/coe-2026-44x1x,0,0,0,draft,0,0,2026-01-05T12:45:54Z,2026-01-05T12:45:57Z,,John Onimisi Obidi,,,CC BY 4.0,preprint,"Obidi, John Onimisi (2026). From the Temperature of Information to the Temperature of Geometry: The Foundations of the Theory of Entropicity (ToE) and the Unification of Quantum and Entropic Reality - A Unified Framework for the Thermodynamic, Quantum, and Geometric Foundations of Physical Reality. figshare. Preprint. https://doi.org/10.33774/coe-2026-44x1x",False,,,https://figshare.com/articles/preprint/_/30998893
32030256,"<b>On the Spectral Obidi Action and the Mathematical Unification of Ginestra Bianconi’s Gravity from Entropy (GfE), Entropic Gravity, Information Geometry, and Generalized Thermodynamics within the Theory of Entropicity (ToE)</b>",10.6084/m9.figshare.32030256,7,1,0,private,0,164051,2026-04-15T22:45:06Z,2026-04-15T23:54:26Z,2026-04-15T23:54:25Z,John Onimisi Obidi,"Particle physics; Particle and high energy physics not elsewhere classified; Field theory and string theory; Astroparticle physics and particle cosmology; Other physical sciences not elsewhere classified; Complex physical systems; Plasma physics; fusion plasmas; electrical discharges; Nuclear physics; Nuclear and plasma physics not elsewhere classified; Astronomical instrumentation; Cosmology and extragalactic astronomy; Galactic astronomy; General relativity and gravitational waves; Astronomical sciences not elsewhere classified; Astrobiology; Photonics, optoelectronics and optical communications; Lasers and quantum electronics; Nonlinear optics and spectroscopy; Atomic, molecular and optical physics not elsewhere classified; Atomic and molecular physics; Electronic and magnetic properties of condensed matter; superconductivity; Condensed matter physics not elsewhere classified; Condensed matter modelling and density functional theory; Condensed matter characterisation technique development; Thermodynamics and statistical physics; Electrostatics and electrodynamics; Classical physics not elsewhere classified; Classical and physical optics; Acoustics and acoustical devices; waves; Medical physics; Medical and biological physics not elsewhere classified; Biological physics; Quantum technologies; Quantum physics not elsewhere classified; Quantum optics and quantum optomechanics; Quantum information, computation and communication; Foundations of quantum mechanics; Degenerate quantum gases and atom optics; Mathematical physics not elsewhere classified; Mathematical aspects of quantum and conformal field theory, quantum gravity and string theory; Mathematical aspects of general relativity; Mathematical aspects of classical mechanics, quantum mechanics and quantum information theory; Integrable systems (classical and quantum); Algebraic structures in mathematical physics; Algebraic and differential geometry; Group theory and generalisations; Combinatorics and discrete mathematics (excl. physical combinatorics); Applied statistics; Computational statistics; Large and complex data theory; Probability theory; Approximation theory and asymptotic methods; Applied mathematics not elsewhere classified; Calculus of variations, mathematical aspects of systems theory and control theory; Dynamical systems in applications; Biological mathematics; Complex systems; History and philosophy of science; History and philosophy of engineering and technology; Decision theory; Critical theory; Epistemology; Logic; Metaphysics; Phenomenology; Philosophical psychology (incl. moral psychology and philosophy of action); Philosophy not elsewhere classified; Modelling and simulation; Fuzzy computation; Evolutionary computation; Autonomous agents and multiagent systems; Artificial life and complex adaptive systems; Artificial intelligence not elsewhere classified; Knowledge representation and reasoning; Theory of computation not elsewhere classified; Quantum computation","Entropy, Thermodynamics, Relativity, General Relativity, Particle Physics, Standard Model, Ginestra Bianconi, Theory of Entropicity (ToE), Quantum Mechanics, Quantum Physics, Quantum Computation, Entropic Gravity, Holography, Special Relativity, Erik Verlinde, Ted Jacobson, Stephen Hawking, Bekenstein-Hawking Entropy, Thanu Padmanabhan",CC BY 4.0,preprint,"Obidi, John Onimisi (2026). <b>On the Spectral Obidi Action and the Mathematical Unification of Ginestra Bianconi’s Gravity from Entropy (GfE), Entropic Gravity, Information Geometry, and Generalized Thermodynamics within the Theory of Entropicity (ToE)</b>. figshare. Preprint. https://doi.org/10.6084/m9.figshare.32030256",False,,,https://figshare.com/articles/preprint/_b_On_the_Spectral_Obidi_Action_and_the_Mathematical_Unification_of_Ginestra_Bianconi_s_Gravity_from_Entropy_GfE_Entropic_Gravity_Information_Geometry_and_Generalized_Thermodynamics_within_the_Theory_of_Entropicity_ToE_b_/32030256
